id,FullName,Gender,DOB,Photo,RegNo,Class,Stream,Hostel,DOA,Category,AcademicYear,TotalFees,AdvanceFees,Balance,Parent
,Unathi Sithole,Male,17-05-06,,GHS2018/0025,1,,,07-01-18,,1,1,0,100,
,Harry Dlodlo,Male,17-07-06,,GHS2018/0026,1,,,07-01-18,,1,1,0,100,
,Bheki Sithole,Male,15-02-07,,GHS2018/0027,2,,,07-01-18,,1,2,0,100,
,Lungile Tadirei,Male,09-03-07,,GHS2018/0028,2,,,07-01-18,,1,2,0,100,
,Davison Gilbert,Male,10-08-05,,GHS2018/0029,3,,,06-01-17,,1,5,0,100,
,Mehluli Chauya,Male,08-06-07,,GHS2018/0030,4,,,06-01-17,,1,5,0,100,
,Solomon Maphosa,Male,13-04-06,,GHS2018/0031,4,,,06-01-17,,1,6,0,100,
,Reginald Dombogo,Male,13-07-07,,GHS2018/0032,3,,,06-01-17,,1,5,0,100,
