id	FullName	Gender	DOB	Photo	RegNo	Class	Stream	Hostel	DOA	Category	AcademicYear	TotalFees	AdvanceFees	Balance	Parent
	Ryan Phiri	Male	07/13/2007		GHS2018/0009	2A			01-06-17		2018 :Term 2	100	0	100	
	Kholwani Mpofu	Male	04/13/2006		GHS2018/0010	2B			01-06-17		2018 :Term 2	100	0	100	
	Tadiwa Nyaniwa	Male	08-06-07		GHS2018/0011	2B			01-06-17		2018 :Term 2	100	0	100	
	Lucky Khumalo	Male	10-08-05		GHS2018/0012	2A			01-06-17	Day Scholar	2018 :Term 2	100	0	100	
	Donald Dlodlo	Male	09-03-07		GHS2018/0013	1B			01-07-18		2018 :Term 2	100	0	100	
	Michael Zhou	Male	02/15/2007		GHS2018/0014	1B			01-07-18	Day Scholar	2018 :Term 2	100	0	100	
	Smith Dube	Male	07/17/2006		GHS2018/0015	1A			01-07-18	Day Scholar	2018 :Term 2	100	0	100	
	Ronald Dondo	Male	05/17/2006		GHS2018/0016	1A			01-07-18	Day Scholar	2018 :Term 2	100	0	100	
